[
    {
        "product_id": "P001",
        "product_name": "Camiseta",
        "quantity_sold": 100,
        "sale_price": 19.99,
        "date_of_sale": "2024-05-15"
    },
    {
        "product_id": "P002",
        "product_name": "Calça",
        "quantity_sold": 50,
        "sale_price": 49.99,
        "date_of_sale": "2023-08-21"
    },
    {
        "product_id": "P003",
        "product_name": "Tênis",
        "quantity_sold": 75,
        "sale_price": 79.99,
        "date_of_sale": "2024-03-10"
    }
]